signature,file,startline,startcol,endline,endcol,properties
Landroid/os/flagging/AconfigPackageInternal;->load(Ljava/lang/String;J)Landroid/os/flagging/AconfigPackageInternal;,packages/modules/ConfigInfrastructure/framework/java/android/os/flagging/AconfigPackageInternal.java,64,5,64,25,
Landroid/os/flagging/AconfigPackageInternal;->getBooleanFlagValue(I)Z,packages/modules/ConfigInfrastructure/framework/java/android/os/flagging/AconfigPackageInternal.java,98,5,98,25,
Landroid/os/flagging/AconfigStorageReadException;->ERROR_FILE_FINGERPRINT_MISMATCH:I,packages/modules/ConfigInfrastructure/framework/java/android/os/flagging/AconfigStorageReadException.java,76,5,76,25,
Landroid/provider/flags/CustomFeatureFlags;->deviceConfigWritableNamespacesApi()Z,out/soong/.intermediates/packages/modules/ConfigInfrastructure/framework/configinfra_framework_flags_java_lib/android_common_apex34/javac/srcjars/android/provider/flags/CustomFeatureFlags.java,21,5,21,25,
Landroid/provider/flags/CustomFeatureFlags;->dumpImprovements()Z,out/soong/.intermediates/packages/modules/ConfigInfrastructure/framework/configinfra_framework_flags_java_lib/android_common_apex34/javac/srcjars/android/provider/flags/CustomFeatureFlags.java,28,5,28,25,
Landroid/provider/flags/CustomFeatureFlags;->enableImmediateClearOverrideBugfix()Z,out/soong/.intermediates/packages/modules/ConfigInfrastructure/framework/configinfra_framework_flags_java_lib/android_common_apex34/javac/srcjars/android/provider/flags/CustomFeatureFlags.java,35,5,35,25,
Landroid/provider/flags/CustomFeatureFlags;->mmdDeviceConfig()Z,out/soong/.intermediates/packages/modules/ConfigInfrastructure/framework/configinfra_framework_flags_java_lib/android_common_apex34/javac/srcjars/android/provider/flags/CustomFeatureFlags.java,42,5,42,25,
Landroid/provider/flags/CustomFeatureFlags;->newStoragePublicApi()Z,out/soong/.intermediates/packages/modules/ConfigInfrastructure/framework/configinfra_framework_flags_java_lib/android_common_apex34/javac/srcjars/android/provider/flags/CustomFeatureFlags.java,49,5,49,25,
Landroid/provider/flags/CustomFeatureFlags;->newStorageWriterSystemApi()Z,out/soong/.intermediates/packages/modules/ConfigInfrastructure/framework/configinfra_framework_flags_java_lib/android_common_apex34/javac/srcjars/android/provider/flags/CustomFeatureFlags.java,56,5,56,25,
Landroid/provider/flags/CustomFeatureFlags;->readPlatformFromPlatformApi()Z,out/soong/.intermediates/packages/modules/ConfigInfrastructure/framework/configinfra_framework_flags_java_lib/android_common_apex34/javac/srcjars/android/provider/flags/CustomFeatureFlags.java,63,5,63,25,
Landroid/provider/flags/CustomFeatureFlags;->stageFlagsForBuild()Z,out/soong/.intermediates/packages/modules/ConfigInfrastructure/framework/configinfra_framework_flags_java_lib/android_common_apex34/javac/srcjars/android/provider/flags/CustomFeatureFlags.java,70,5,70,25,
Landroid/provider/flags/FeatureFlags;->deviceConfigWritableNamespacesApi()Z,out/soong/.intermediates/packages/modules/ConfigInfrastructure/framework/configinfra_framework_flags_java_lib/android_common_apex34/javac/srcjars/android/provider/flags/FeatureFlags.java,9,5,9,25,
Landroid/provider/flags/FeatureFlags;->dumpImprovements()Z,out/soong/.intermediates/packages/modules/ConfigInfrastructure/framework/configinfra_framework_flags_java_lib/android_common_apex34/javac/srcjars/android/provider/flags/FeatureFlags.java,13,5,13,25,
Landroid/provider/flags/FeatureFlags;->enableImmediateClearOverrideBugfix()Z,out/soong/.intermediates/packages/modules/ConfigInfrastructure/framework/configinfra_framework_flags_java_lib/android_common_apex34/javac/srcjars/android/provider/flags/FeatureFlags.java,17,5,17,25,
Landroid/provider/flags/FeatureFlags;->mmdDeviceConfig()Z,out/soong/.intermediates/packages/modules/ConfigInfrastructure/framework/configinfra_framework_flags_java_lib/android_common_apex34/javac/srcjars/android/provider/flags/FeatureFlags.java,21,5,21,25,
Landroid/provider/flags/FeatureFlags;->newStoragePublicApi()Z,out/soong/.intermediates/packages/modules/ConfigInfrastructure/framework/configinfra_framework_flags_java_lib/android_common_apex34/javac/srcjars/android/provider/flags/FeatureFlags.java,25,5,25,25,
Landroid/provider/flags/FeatureFlags;->newStorageWriterSystemApi()Z,out/soong/.intermediates/packages/modules/ConfigInfrastructure/framework/configinfra_framework_flags_java_lib/android_common_apex34/javac/srcjars/android/provider/flags/FeatureFlags.java,29,5,29,25,
Landroid/provider/flags/FeatureFlags;->readPlatformFromPlatformApi()Z,out/soong/.intermediates/packages/modules/ConfigInfrastructure/framework/configinfra_framework_flags_java_lib/android_common_apex34/javac/srcjars/android/provider/flags/FeatureFlags.java,33,5,33,25,
Landroid/provider/flags/FeatureFlags;->stageFlagsForBuild()Z,out/soong/.intermediates/packages/modules/ConfigInfrastructure/framework/configinfra_framework_flags_java_lib/android_common_apex34/javac/srcjars/android/provider/flags/FeatureFlags.java,37,5,37,25,
Landroid/provider/flags/FeatureFlagsImpl;->deviceConfigWritableNamespacesApi()Z,out/soong/.intermediates/packages/modules/ConfigInfrastructure/framework/configinfra_framework_flags_java_lib/android_common_apex34/javac/srcjars/android/provider/flags/FeatureFlagsImpl.java,9,5,9,25,
Landroid/provider/flags/FeatureFlagsImpl;->dumpImprovements()Z,out/soong/.intermediates/packages/modules/ConfigInfrastructure/framework/configinfra_framework_flags_java_lib/android_common_apex34/javac/srcjars/android/provider/flags/FeatureFlagsImpl.java,16,5,16,25,
Landroid/provider/flags/FeatureFlagsImpl;->enableImmediateClearOverrideBugfix()Z,out/soong/.intermediates/packages/modules/ConfigInfrastructure/framework/configinfra_framework_flags_java_lib/android_common_apex34/javac/srcjars/android/provider/flags/FeatureFlagsImpl.java,23,5,23,25,
Landroid/provider/flags/FeatureFlagsImpl;->mmdDeviceConfig()Z,out/soong/.intermediates/packages/modules/ConfigInfrastructure/framework/configinfra_framework_flags_java_lib/android_common_apex34/javac/srcjars/android/provider/flags/FeatureFlagsImpl.java,30,5,30,25,
Landroid/provider/flags/FeatureFlagsImpl;->newStoragePublicApi()Z,out/soong/.intermediates/packages/modules/ConfigInfrastructure/framework/configinfra_framework_flags_java_lib/android_common_apex34/javac/srcjars/android/provider/flags/FeatureFlagsImpl.java,37,5,37,25,
Landroid/provider/flags/FeatureFlagsImpl;->newStorageWriterSystemApi()Z,out/soong/.intermediates/packages/modules/ConfigInfrastructure/framework/configinfra_framework_flags_java_lib/android_common_apex34/javac/srcjars/android/provider/flags/FeatureFlagsImpl.java,44,5,44,25,
Landroid/provider/flags/FeatureFlagsImpl;->readPlatformFromPlatformApi()Z,out/soong/.intermediates/packages/modules/ConfigInfrastructure/framework/configinfra_framework_flags_java_lib/android_common_apex34/javac/srcjars/android/provider/flags/FeatureFlagsImpl.java,51,5,51,25,
Landroid/provider/flags/FeatureFlagsImpl;->stageFlagsForBuild()Z,out/soong/.intermediates/packages/modules/ConfigInfrastructure/framework/configinfra_framework_flags_java_lib/android_common_apex34/javac/srcjars/android/provider/flags/FeatureFlagsImpl.java,58,5,58,25,
Landroid/provider/flags/Flags;->deviceConfigWritableNamespacesApi()Z,out/soong/.intermediates/packages/modules/ConfigInfrastructure/framework/configinfra_framework_flags_java_lib/android_common_apex34/javac/srcjars/android/provider/flags/Flags.java,24,5,24,25,
Landroid/provider/flags/Flags;->dumpImprovements()Z,out/soong/.intermediates/packages/modules/ConfigInfrastructure/framework/configinfra_framework_flags_java_lib/android_common_apex34/javac/srcjars/android/provider/flags/Flags.java,30,5,30,25,
Landroid/provider/flags/Flags;->enableImmediateClearOverrideBugfix()Z,out/soong/.intermediates/packages/modules/ConfigInfrastructure/framework/configinfra_framework_flags_java_lib/android_common_apex34/javac/srcjars/android/provider/flags/Flags.java,36,5,36,25,
Landroid/provider/flags/Flags;->mmdDeviceConfig()Z,out/soong/.intermediates/packages/modules/ConfigInfrastructure/framework/configinfra_framework_flags_java_lib/android_common_apex34/javac/srcjars/android/provider/flags/Flags.java,42,5,42,25,
Landroid/provider/flags/Flags;->newStoragePublicApi()Z,out/soong/.intermediates/packages/modules/ConfigInfrastructure/framework/configinfra_framework_flags_java_lib/android_common_apex34/javac/srcjars/android/provider/flags/Flags.java,48,5,48,25,
Landroid/provider/flags/Flags;->newStorageWriterSystemApi()Z,out/soong/.intermediates/packages/modules/ConfigInfrastructure/framework/configinfra_framework_flags_java_lib/android_common_apex34/javac/srcjars/android/provider/flags/Flags.java,54,5,54,25,
Landroid/provider/flags/Flags;->readPlatformFromPlatformApi()Z,out/soong/.intermediates/packages/modules/ConfigInfrastructure/framework/configinfra_framework_flags_java_lib/android_common_apex34/javac/srcjars/android/provider/flags/Flags.java,60,5,60,25,
Landroid/provider/flags/Flags;->stageFlagsForBuild()Z,out/soong/.intermediates/packages/modules/ConfigInfrastructure/framework/configinfra_framework_flags_java_lib/android_common_apex34/javac/srcjars/android/provider/flags/Flags.java,66,5,66,25,
